-- Master ingredients
insert into ingredients (id, name) values
  ('a0000000-0000-0000-0000-000000000001', 'Lamb mince'),
  ('a0000000-0000-0000-0000-000000000002', 'Onion'),
  ('a0000000-0000-0000-0000-000000000003', 'Carrot'),
  ('a0000000-0000-0000-0000-000000000004', 'Celery'),
  ('a0000000-0000-0000-0000-000000000005', 'Tomato paste'),
  ('a0000000-0000-0000-0000-000000000006', 'Worcestershire sauce'),
  ('a0000000-0000-0000-0000-000000000007', 'Beef stock'),
  ('a0000000-0000-0000-0000-000000000008', 'Potato'),
  ('a0000000-0000-0000-0000-000000000009', 'Butter'),
  ('a0000000-0000-0000-0000-000000000010', 'Milk'),
  ('a0000000-0000-0000-0000-000000000011', 'Beef mince'),
  ('a0000000-0000-0000-0000-000000000012', 'Garlic'),
  ('a0000000-0000-0000-0000-000000000013', 'Tinned tomatoes'),
  ('a0000000-0000-0000-0000-000000000014', 'Lasagna sheets'),
  ('a0000000-0000-0000-0000-000000000015', 'Mozzarella'),
  ('a0000000-0000-0000-0000-000000000016', 'Parmesan'),
  ('a0000000-0000-0000-0000-000000000017', 'Plain flour'),
  ('a0000000-0000-0000-0000-000000000018', 'Olive oil'),
  ('a0000000-0000-0000-0000-000000000019', 'Salt'),
  ('a0000000-0000-0000-0000-000000000020', 'Black pepper'),
  ('a0000000-0000-0000-0000-000000000021', 'Spaghetti'),
  ('a0000000-0000-0000-0000-000000000022', 'Mixed herbs'),
  ('a0000000-0000-0000-0000-000000000023', 'Chicken breast'),
  ('a0000000-0000-0000-0000-000000000024', 'Ginger'),
  ('a0000000-0000-0000-0000-000000000025', 'Red pepper'),
  ('a0000000-0000-0000-0000-000000000026', 'Broccoli'),
  ('a0000000-0000-0000-0000-000000000027', 'Soy sauce'),
  ('a0000000-0000-0000-0000-000000000028', 'Sesame oil'),
  ('a0000000-0000-0000-0000-000000000029', 'Vegetable oil'),
  ('a0000000-0000-0000-0000-000000000030', 'Rice'),
  ('a0000000-0000-0000-0000-000000000031', 'Pork sausages'),
  ('a0000000-0000-0000-0000-000000000032', 'Gravy granules'),
  ('a0000000-0000-0000-0000-000000000033', 'Kidney beans'),
  ('a0000000-0000-0000-0000-000000000034', 'Cumin'),
  ('a0000000-0000-0000-0000-000000000035', 'Chilli powder'),
  ('a0000000-0000-0000-0000-000000000036', 'Paprika'),
  ('a0000000-0000-0000-0000-000000000037', 'Natural yoghurt'),
  ('a0000000-0000-0000-0000-000000000038', 'Tikka masala paste'),
  ('a0000000-0000-0000-0000-000000000039', 'Double cream'),
  ('a0000000-0000-0000-0000-000000000040', 'Fresh coriander'),
  ('a0000000-0000-0000-0000-000000000041', 'Eggs'),
  ('a0000000-0000-0000-0000-000000000042', 'Whole chicken'),
  ('a0000000-0000-0000-0000-000000000043', 'Chicken stock'),
  ('a0000000-0000-0000-0000-000000000044', 'Fresh thyme'),
  ('a0000000-0000-0000-0000-000000000045', 'Cod fillet'),
  ('a0000000-0000-0000-0000-000000000046', 'Smoked haddock'),
  ('a0000000-0000-0000-0000-000000000047', 'Prawns'),
  ('a0000000-0000-0000-0000-000000000048', 'Fresh parsley'),
  ('a0000000-0000-0000-0000-000000000049', 'Fajita seasoning'),
  ('a0000000-0000-0000-0000-000000000050', 'Tortilla wraps'),
  ('a0000000-0000-0000-0000-000000000051', 'Sour cream'),
  ('a0000000-0000-0000-0000-000000000052', 'Cheddar'),
  ('a0000000-0000-0000-0000-000000000053', 'Lettuce'),
  ('a0000000-0000-0000-0000-000000000054', 'Lime'),
  ('a0000000-0000-0000-0000-000000000055', 'Macaroni'),
  ('a0000000-0000-0000-0000-000000000056', 'Mustard powder'),
  ('a0000000-0000-0000-0000-000000000057', 'Stewing beef'),
  ('a0000000-0000-0000-0000-000000000058', 'Butter beans'),
  ('a0000000-0000-0000-0000-000000000059', 'Pancetta'),
  ('a0000000-0000-0000-0000-000000000060', 'Baked beans'),
  ('a0000000-0000-0000-0000-000000000061', 'Naan bread'),
  ('a0000000-0000-0000-0000-000000000062', 'Bay leaves'),
  ('a0000000-0000-0000-0000-000000000063', 'Spring onions'),
  ('a0000000-0000-0000-0000-000000000064', 'Mushrooms'),
  ('a0000000-0000-0000-0000-000000000065', 'Lemon'),
  ('a0000000-0000-0000-0000-000000000066', 'Coconut milk'),
  ('a0000000-0000-0000-0000-000000000067', 'Chickpeas'),
  ('a0000000-0000-0000-0000-000000000068', 'Spinach'),
  ('a0000000-0000-0000-0000-000000000069', 'Curry powder'),
  ('a0000000-0000-0000-0000-000000000070', 'Vegetable stock'),
  ('a0000000-0000-0000-0000-000000000071', 'Arborio rice'),
  ('a0000000-0000-0000-0000-000000000072', 'Black beans'),
  ('a0000000-0000-0000-0000-000000000073', 'Sweetcorn'),
  ('a0000000-0000-0000-0000-000000000074', 'Cauliflower'),
  ('a0000000-0000-0000-0000-000000000075', 'Dijon mustard'),
  ('a0000000-0000-0000-0000-000000000076', 'Ricotta'),
  ('a0000000-0000-0000-0000-000000000077', 'Cannelloni tubes'),
  ('a0000000-0000-0000-0000-000000000078', 'Nutmeg'),
  ('a0000000-0000-0000-0000-000000000079', 'Red lentils'),
  ('a0000000-0000-0000-0000-000000000080', 'Turmeric'),
  ('a0000000-0000-0000-0000-000000000081', 'Halloumi'),
  ('a0000000-0000-0000-0000-000000000082', 'Courgette'),
  ('a0000000-0000-0000-0000-000000000083', 'Cherry tomatoes'),
  ('a0000000-0000-0000-0000-000000000084', 'Puff pastry'),
  ('a0000000-0000-0000-0000-000000000085', 'Penne'),
  ('a0000000-0000-0000-0000-000000000086', 'Fresh basil'),
  ('a0000000-0000-0000-0000-000000000087', 'Cannellini beans'),
  ('a0000000-0000-0000-0000-000000000088', 'Sweet potato'),
  ('a0000000-0000-0000-0000-000000000089', 'Pesto'),
  ('a0000000-0000-0000-0000-000000000090', 'Pine nuts'),
  ('a0000000-0000-0000-0000-000000000091', 'Aubergine'),
  ('a0000000-0000-0000-0000-000000000092', 'Passata'),
  ('a0000000-0000-0000-0000-000000000093', 'Dried oregano');

-- Recipes
insert into recipes (id, name, description, servings) values
  ('b0000000-0000-0000-0000-000000000001', 'Shepherd''s Pie',       'Classic comfort food with lamb mince and creamy mashed potato topping.',                4),
  ('b0000000-0000-0000-0000-000000000002', 'Lasagna',               'Layered beef ragu with bechamel sauce and melted cheese.',                              6),
  ('b0000000-0000-0000-0000-000000000003', 'Spaghetti Bolognese',   'A weeknight staple. Rich beef ragu served over spaghetti.',                             4),
  ('b0000000-0000-0000-0000-000000000004', 'Chicken Stir Fry',      'Quick and healthy stir fry with chicken and veg, served with rice.',                    2),
  ('b0000000-0000-0000-0000-000000000005', 'Bangers and Mash',      'Pork sausages with creamy mash and onion gravy.',                                      4),
  ('b0000000-0000-0000-0000-000000000006', 'Chilli Con Carne',      'Spiced beef chilli with kidney beans, served with rice.',                               4),
  ('b0000000-0000-0000-0000-000000000007', 'Chicken Tikka Masala',  'Chicken in a creamy spiced tomato sauce, served with rice and naan.',                   4),
  ('b0000000-0000-0000-0000-000000000008', 'Toad in the Hole',      'Pork sausages baked in crispy Yorkshire pudding batter.',                               4),
  ('b0000000-0000-0000-0000-000000000009', 'Roast Chicken Dinner',  'Classic Sunday roast with roast potatoes, carrots, and gravy.',                         4),
  ('b0000000-0000-0000-0000-000000000010', 'Fish Pie',              'Creamy pie with cod, smoked haddock, and prawns under mashed potato.',                  4),
  ('b0000000-0000-0000-0000-000000000011', 'Chicken Fajitas',       'Spiced chicken with peppers and onions in warm tortilla wraps.',                        4),
  ('b0000000-0000-0000-0000-000000000012', 'Macaroni Cheese',       'Creamy baked macaroni cheese with a crispy top.',                                       4),
  ('b0000000-0000-0000-0000-000000000013', 'Beef Stew',             'Hearty slow-cooked beef stew with root vegetables.',                                   4),
  ('b0000000-0000-0000-0000-000000000014', 'Sausage Casserole',     'One-pot sausage casserole with butter beans in a tomato sauce.',                        4),
  ('b0000000-0000-0000-0000-000000000015', 'Carbonara',             'Quick creamy pasta with pancetta, egg, and parmesan.',                                  2),
  ('b0000000-0000-0000-0000-000000000016', 'Jacket Potato with Beans and Cheese', 'Simple baked potato topped with baked beans and melted cheddar.',          2),
  ('b0000000-0000-0000-0000-000000000017', 'Vegetable Curry',         'Chickpea and spinach curry in a creamy coconut sauce, served with rice.',               4),
  ('b0000000-0000-0000-0000-000000000018', 'Mushroom Risotto',        'Creamy Italian risotto with mushrooms and parmesan.',                                   4),
  ('b0000000-0000-0000-0000-000000000019', 'Veggie Chilli',           'Hearty three-bean chilli with peppers and sweetcorn, served with rice.',                4),
  ('b0000000-0000-0000-0000-000000000020', 'Cauliflower Cheese',      'Tender cauliflower baked in a rich cheese sauce.',                                      4),
  ('b0000000-0000-0000-0000-000000000021', 'Mushroom Stroganoff',     'Creamy mushroom stroganoff with paprika and sour cream, served with rice.',             4),
  ('b0000000-0000-0000-0000-000000000022', 'Spinach and Ricotta Cannelloni', 'Pasta tubes stuffed with spinach and ricotta in a tomato sauce.',                4),
  ('b0000000-0000-0000-0000-000000000023', 'Vegetable Stir Fry',      'Quick veggie stir fry with broccoli, peppers, and mushrooms in soy sauce.',             2),
  ('b0000000-0000-0000-0000-000000000024', 'Red Lentil Dhal',         'Spiced red lentil dhal with coconut milk, served with rice and naan.',                  4),
  ('b0000000-0000-0000-0000-000000000025', 'Halloumi and Veg Traybake', 'Roasted halloumi with courgette, peppers, and cherry tomatoes.',                      4),
  ('b0000000-0000-0000-0000-000000000026', 'Cheese and Onion Pie',    'Flaky puff pastry pie filled with cheese and caramelised onion.',                       4),
  ('b0000000-0000-0000-0000-000000000027', 'Pasta Primavera',         'Penne with roasted courgette, cherry tomatoes, and fresh basil.',                       4),
  ('b0000000-0000-0000-0000-000000000028', 'Veggie Fajitas',          'Spiced peppers, onions, and mushrooms in warm tortilla wraps.',                         4),
  ('b0000000-0000-0000-0000-000000000029', 'Sweet Potato and Chickpea Curry', 'Warming sweet potato curry with chickpeas and spinach.',                        4),
  ('b0000000-0000-0000-0000-000000000030', 'Vegetable Lasagna',       'Layered lasagna with roasted veg, tomato sauce, and bechamel.',                         6),
  ('b0000000-0000-0000-0000-000000000031', 'Aubergine Parmigiana',    'Baked layers of aubergine with tomato sauce and melted mozzarella.',                    4),
  ('b0000000-0000-0000-0000-000000000032', 'Bean and Vegetable Soup', 'Hearty chunky soup with cannellini beans and root vegetables.',                         4);

-- 1. Shepherd's Pie
insert into recipe_ingredients (recipe_id, ingredient_id, name, quantity, unit) values
  ('b0000000-0000-0000-0000-000000000001', 'a0000000-0000-0000-0000-000000000001', 'Lamb mince',             500, 'g'),
  ('b0000000-0000-0000-0000-000000000001', 'a0000000-0000-0000-0000-000000000002', 'Onion',                    1, 'units'),
  ('b0000000-0000-0000-0000-000000000001', 'a0000000-0000-0000-0000-000000000003', 'Carrot',                   2, 'units'),
  ('b0000000-0000-0000-0000-000000000001', 'a0000000-0000-0000-0000-000000000004', 'Celery',                   2, 'units'),
  ('b0000000-0000-0000-0000-000000000001', 'a0000000-0000-0000-0000-000000000005', 'Tomato paste',             2, 'tbsp'),
  ('b0000000-0000-0000-0000-000000000001', 'a0000000-0000-0000-0000-000000000006', 'Worcestershire sauce',     1, 'tbsp'),
  ('b0000000-0000-0000-0000-000000000001', 'a0000000-0000-0000-0000-000000000007', 'Beef stock',             250, 'ml'),
  ('b0000000-0000-0000-0000-000000000001', 'a0000000-0000-0000-0000-000000000008', 'Potato',                 800, 'g'),
  ('b0000000-0000-0000-0000-000000000001', 'a0000000-0000-0000-0000-000000000009', 'Butter',                  30, 'g'),
  ('b0000000-0000-0000-0000-000000000001', 'a0000000-0000-0000-0000-000000000010', 'Milk',                    50, 'ml'),
  ('b0000000-0000-0000-0000-000000000001', 'a0000000-0000-0000-0000-000000000019', 'Salt',                     1, 'tsp'),
  ('b0000000-0000-0000-0000-000000000001', 'a0000000-0000-0000-0000-000000000020', 'Black pepper',             1, 'tsp');

-- 2. Lasagna
insert into recipe_ingredients (recipe_id, ingredient_id, name, quantity, unit) values
  ('b0000000-0000-0000-0000-000000000002', 'a0000000-0000-0000-0000-000000000011', 'Beef mince',             500, 'g'),
  ('b0000000-0000-0000-0000-000000000002', 'a0000000-0000-0000-0000-000000000002', 'Onion',                    1, 'units'),
  ('b0000000-0000-0000-0000-000000000002', 'a0000000-0000-0000-0000-000000000012', 'Garlic',                   3, 'units'),
  ('b0000000-0000-0000-0000-000000000002', 'a0000000-0000-0000-0000-000000000003', 'Carrot',                   1, 'units'),
  ('b0000000-0000-0000-0000-000000000002', 'a0000000-0000-0000-0000-000000000004', 'Celery',                   1, 'units'),
  ('b0000000-0000-0000-0000-000000000002', 'a0000000-0000-0000-0000-000000000013', 'Tinned tomatoes',        400, 'g'),
  ('b0000000-0000-0000-0000-000000000002', 'a0000000-0000-0000-0000-000000000005', 'Tomato paste',             2, 'tbsp'),
  ('b0000000-0000-0000-0000-000000000002', 'a0000000-0000-0000-0000-000000000018', 'Olive oil',                2, 'tbsp'),
  ('b0000000-0000-0000-0000-000000000002', 'a0000000-0000-0000-0000-000000000014', 'Lasagna sheets',         250, 'g'),
  ('b0000000-0000-0000-0000-000000000002', 'a0000000-0000-0000-0000-000000000015', 'Mozzarella',             250, 'g'),
  ('b0000000-0000-0000-0000-000000000002', 'a0000000-0000-0000-0000-000000000016', 'Parmesan',                50, 'g'),
  ('b0000000-0000-0000-0000-000000000002', 'a0000000-0000-0000-0000-000000000009', 'Butter',                  50, 'g'),
  ('b0000000-0000-0000-0000-000000000002', 'a0000000-0000-0000-0000-000000000017', 'Plain flour',             40, 'g'),
  ('b0000000-0000-0000-0000-000000000002', 'a0000000-0000-0000-0000-000000000010', 'Milk',                   500, 'ml'),
  ('b0000000-0000-0000-0000-000000000002', 'a0000000-0000-0000-0000-000000000019', 'Salt',                     1, 'tsp'),
  ('b0000000-0000-0000-0000-000000000002', 'a0000000-0000-0000-0000-000000000020', 'Black pepper',             1, 'tsp');

-- 3. Spaghetti Bolognese
insert into recipe_ingredients (recipe_id, ingredient_id, name, quantity, unit) values
  ('b0000000-0000-0000-0000-000000000003', 'a0000000-0000-0000-0000-000000000011', 'Beef mince',             500, 'g'),
  ('b0000000-0000-0000-0000-000000000003', 'a0000000-0000-0000-0000-000000000002', 'Onion',                    1, 'units'),
  ('b0000000-0000-0000-0000-000000000003', 'a0000000-0000-0000-0000-000000000012', 'Garlic',                   2, 'units'),
  ('b0000000-0000-0000-0000-000000000003', 'a0000000-0000-0000-0000-000000000003', 'Carrot',                   1, 'units'),
  ('b0000000-0000-0000-0000-000000000003', 'a0000000-0000-0000-0000-000000000004', 'Celery',                   1, 'units'),
  ('b0000000-0000-0000-0000-000000000003', 'a0000000-0000-0000-0000-000000000013', 'Tinned tomatoes',        400, 'g'),
  ('b0000000-0000-0000-0000-000000000003', 'a0000000-0000-0000-0000-000000000005', 'Tomato paste',             1, 'tbsp'),
  ('b0000000-0000-0000-0000-000000000003', 'a0000000-0000-0000-0000-000000000018', 'Olive oil',                1, 'tbsp'),
  ('b0000000-0000-0000-0000-000000000003', 'a0000000-0000-0000-0000-000000000021', 'Spaghetti',              400, 'g'),
  ('b0000000-0000-0000-0000-000000000003', 'a0000000-0000-0000-0000-000000000016', 'Parmesan',                30, 'g'),
  ('b0000000-0000-0000-0000-000000000003', 'a0000000-0000-0000-0000-000000000022', 'Mixed herbs',              1, 'tsp'),
  ('b0000000-0000-0000-0000-000000000003', 'a0000000-0000-0000-0000-000000000019', 'Salt',                     1, 'tsp'),
  ('b0000000-0000-0000-0000-000000000003', 'a0000000-0000-0000-0000-000000000020', 'Black pepper',             1, 'tsp');

-- 4. Chicken Stir Fry
insert into recipe_ingredients (recipe_id, ingredient_id, name, quantity, unit) values
  ('b0000000-0000-0000-0000-000000000004', 'a0000000-0000-0000-0000-000000000023', 'Chicken breast',         300, 'g'),
  ('b0000000-0000-0000-0000-000000000004', 'a0000000-0000-0000-0000-000000000025', 'Red pepper',               1, 'units'),
  ('b0000000-0000-0000-0000-000000000004', 'a0000000-0000-0000-0000-000000000026', 'Broccoli',               200, 'g'),
  ('b0000000-0000-0000-0000-000000000004', 'a0000000-0000-0000-0000-000000000063', 'Spring onions',            4, 'units'),
  ('b0000000-0000-0000-0000-000000000004', 'a0000000-0000-0000-0000-000000000012', 'Garlic',                   2, 'units'),
  ('b0000000-0000-0000-0000-000000000004', 'a0000000-0000-0000-0000-000000000024', 'Ginger',                   1, 'tbsp'),
  ('b0000000-0000-0000-0000-000000000004', 'a0000000-0000-0000-0000-000000000027', 'Soy sauce',                2, 'tbsp'),
  ('b0000000-0000-0000-0000-000000000004', 'a0000000-0000-0000-0000-000000000028', 'Sesame oil',               1, 'tsp'),
  ('b0000000-0000-0000-0000-000000000004', 'a0000000-0000-0000-0000-000000000029', 'Vegetable oil',            1, 'tbsp'),
  ('b0000000-0000-0000-0000-000000000004', 'a0000000-0000-0000-0000-000000000030', 'Rice',                   200, 'g');

-- 5. Bangers and Mash
insert into recipe_ingredients (recipe_id, ingredient_id, name, quantity, unit) values
  ('b0000000-0000-0000-0000-000000000005', 'a0000000-0000-0000-0000-000000000031', 'Pork sausages',            8, 'units'),
  ('b0000000-0000-0000-0000-000000000005', 'a0000000-0000-0000-0000-000000000008', 'Potato',                 800, 'g'),
  ('b0000000-0000-0000-0000-000000000005', 'a0000000-0000-0000-0000-000000000009', 'Butter',                  30, 'g'),
  ('b0000000-0000-0000-0000-000000000005', 'a0000000-0000-0000-0000-000000000010', 'Milk',                    50, 'ml'),
  ('b0000000-0000-0000-0000-000000000005', 'a0000000-0000-0000-0000-000000000002', 'Onion',                    2, 'units'),
  ('b0000000-0000-0000-0000-000000000005', 'a0000000-0000-0000-0000-000000000032', 'Gravy granules',          25, 'g'),
  ('b0000000-0000-0000-0000-000000000005', 'a0000000-0000-0000-0000-000000000029', 'Vegetable oil',            1, 'tbsp'),
  ('b0000000-0000-0000-0000-000000000005', 'a0000000-0000-0000-0000-000000000019', 'Salt',                     1, 'tsp'),
  ('b0000000-0000-0000-0000-000000000005', 'a0000000-0000-0000-0000-000000000020', 'Black pepper',             1, 'tsp');

-- 6. Chilli Con Carne
insert into recipe_ingredients (recipe_id, ingredient_id, name, quantity, unit) values
  ('b0000000-0000-0000-0000-000000000006', 'a0000000-0000-0000-0000-000000000011', 'Beef mince',             500, 'g'),
  ('b0000000-0000-0000-0000-000000000006', 'a0000000-0000-0000-0000-000000000002', 'Onion',                    1, 'units'),
  ('b0000000-0000-0000-0000-000000000006', 'a0000000-0000-0000-0000-000000000012', 'Garlic',                   3, 'units'),
  ('b0000000-0000-0000-0000-000000000006', 'a0000000-0000-0000-0000-000000000025', 'Red pepper',               1, 'units'),
  ('b0000000-0000-0000-0000-000000000006', 'a0000000-0000-0000-0000-000000000013', 'Tinned tomatoes',        400, 'g'),
  ('b0000000-0000-0000-0000-000000000006', 'a0000000-0000-0000-0000-000000000033', 'Kidney beans',           400, 'g'),
  ('b0000000-0000-0000-0000-000000000006', 'a0000000-0000-0000-0000-000000000005', 'Tomato paste',             1, 'tbsp'),
  ('b0000000-0000-0000-0000-000000000006', 'a0000000-0000-0000-0000-000000000034', 'Cumin',                    1, 'tsp'),
  ('b0000000-0000-0000-0000-000000000006', 'a0000000-0000-0000-0000-000000000035', 'Chilli powder',            1, 'tsp'),
  ('b0000000-0000-0000-0000-000000000006', 'a0000000-0000-0000-0000-000000000036', 'Paprika',                  1, 'tsp'),
  ('b0000000-0000-0000-0000-000000000006', 'a0000000-0000-0000-0000-000000000018', 'Olive oil',                1, 'tbsp'),
  ('b0000000-0000-0000-0000-000000000006', 'a0000000-0000-0000-0000-000000000030', 'Rice',                   200, 'g'),
  ('b0000000-0000-0000-0000-000000000006', 'a0000000-0000-0000-0000-000000000019', 'Salt',                     1, 'tsp'),
  ('b0000000-0000-0000-0000-000000000006', 'a0000000-0000-0000-0000-000000000020', 'Black pepper',             1, 'tsp');

-- 7. Chicken Tikka Masala
insert into recipe_ingredients (recipe_id, ingredient_id, name, quantity, unit) values
  ('b0000000-0000-0000-0000-000000000007', 'a0000000-0000-0000-0000-000000000023', 'Chicken breast',         600, 'g'),
  ('b0000000-0000-0000-0000-000000000007', 'a0000000-0000-0000-0000-000000000002', 'Onion',                    2, 'units'),
  ('b0000000-0000-0000-0000-000000000007', 'a0000000-0000-0000-0000-000000000012', 'Garlic',                   3, 'units'),
  ('b0000000-0000-0000-0000-000000000007', 'a0000000-0000-0000-0000-000000000024', 'Ginger',                   1, 'tbsp'),
  ('b0000000-0000-0000-0000-000000000007', 'a0000000-0000-0000-0000-000000000013', 'Tinned tomatoes',        400, 'g'),
  ('b0000000-0000-0000-0000-000000000007', 'a0000000-0000-0000-0000-000000000037', 'Natural yoghurt',        100, 'ml'),
  ('b0000000-0000-0000-0000-000000000007', 'a0000000-0000-0000-0000-000000000038', 'Tikka masala paste',        3, 'tbsp'),
  ('b0000000-0000-0000-0000-000000000007', 'a0000000-0000-0000-0000-000000000039', 'Double cream',           100, 'ml'),
  ('b0000000-0000-0000-0000-000000000007', 'a0000000-0000-0000-0000-000000000029', 'Vegetable oil',            2, 'tbsp'),
  ('b0000000-0000-0000-0000-000000000007', 'a0000000-0000-0000-0000-000000000030', 'Rice',                   300, 'g'),
  ('b0000000-0000-0000-0000-000000000007', 'a0000000-0000-0000-0000-000000000061', 'Naan bread',               4, 'units'),
  ('b0000000-0000-0000-0000-000000000007', 'a0000000-0000-0000-0000-000000000040', 'Fresh coriander',          1, 'tbsp'),
  ('b0000000-0000-0000-0000-000000000007', 'a0000000-0000-0000-0000-000000000019', 'Salt',                     1, 'tsp');

-- 8. Toad in the Hole
insert into recipe_ingredients (recipe_id, ingredient_id, name, quantity, unit) values
  ('b0000000-0000-0000-0000-000000000008', 'a0000000-0000-0000-0000-000000000031', 'Pork sausages',            8, 'units'),
  ('b0000000-0000-0000-0000-000000000008', 'a0000000-0000-0000-0000-000000000017', 'Plain flour',            130, 'g'),
  ('b0000000-0000-0000-0000-000000000008', 'a0000000-0000-0000-0000-000000000041', 'Eggs',                     3, 'units'),
  ('b0000000-0000-0000-0000-000000000008', 'a0000000-0000-0000-0000-000000000010', 'Milk',                   175, 'ml'),
  ('b0000000-0000-0000-0000-000000000008', 'a0000000-0000-0000-0000-000000000029', 'Vegetable oil',            2, 'tbsp'),
  ('b0000000-0000-0000-0000-000000000008', 'a0000000-0000-0000-0000-000000000019', 'Salt',                     1, 'tsp');

-- 9. Roast Chicken Dinner
insert into recipe_ingredients (recipe_id, ingredient_id, name, quantity, unit) values
  ('b0000000-0000-0000-0000-000000000009', 'a0000000-0000-0000-0000-000000000042', 'Whole chicken',            1, 'units'),
  ('b0000000-0000-0000-0000-000000000009', 'a0000000-0000-0000-0000-000000000008', 'Potato',                 800, 'g'),
  ('b0000000-0000-0000-0000-000000000009', 'a0000000-0000-0000-0000-000000000003', 'Carrot',                   4, 'units'),
  ('b0000000-0000-0000-0000-000000000009', 'a0000000-0000-0000-0000-000000000002', 'Onion',                    1, 'units'),
  ('b0000000-0000-0000-0000-000000000009', 'a0000000-0000-0000-0000-000000000012', 'Garlic',                   4, 'units'),
  ('b0000000-0000-0000-0000-000000000009', 'a0000000-0000-0000-0000-000000000018', 'Olive oil',                2, 'tbsp'),
  ('b0000000-0000-0000-0000-000000000009', 'a0000000-0000-0000-0000-000000000009', 'Butter',                  30, 'g'),
  ('b0000000-0000-0000-0000-000000000009', 'a0000000-0000-0000-0000-000000000043', 'Chicken stock',          300, 'ml'),
  ('b0000000-0000-0000-0000-000000000009', 'a0000000-0000-0000-0000-000000000032', 'Gravy granules',          25, 'g'),
  ('b0000000-0000-0000-0000-000000000009', 'a0000000-0000-0000-0000-000000000044', 'Fresh thyme',              3, 'units'),
  ('b0000000-0000-0000-0000-000000000009', 'a0000000-0000-0000-0000-000000000065', 'Lemon',                    1, 'units'),
  ('b0000000-0000-0000-0000-000000000009', 'a0000000-0000-0000-0000-000000000019', 'Salt',                     1, 'tsp'),
  ('b0000000-0000-0000-0000-000000000009', 'a0000000-0000-0000-0000-000000000020', 'Black pepper',             1, 'tsp');

-- 10. Fish Pie
insert into recipe_ingredients (recipe_id, ingredient_id, name, quantity, unit) values
  ('b0000000-0000-0000-0000-000000000010', 'a0000000-0000-0000-0000-000000000045', 'Cod fillet',             300, 'g'),
  ('b0000000-0000-0000-0000-000000000010', 'a0000000-0000-0000-0000-000000000046', 'Smoked haddock',         200, 'g'),
  ('b0000000-0000-0000-0000-000000000010', 'a0000000-0000-0000-0000-000000000047', 'Prawns',                 150, 'g'),
  ('b0000000-0000-0000-0000-000000000010', 'a0000000-0000-0000-0000-000000000008', 'Potato',                 800, 'g'),
  ('b0000000-0000-0000-0000-000000000010', 'a0000000-0000-0000-0000-000000000009', 'Butter',                  50, 'g'),
  ('b0000000-0000-0000-0000-000000000010', 'a0000000-0000-0000-0000-000000000010', 'Milk',                   400, 'ml'),
  ('b0000000-0000-0000-0000-000000000010', 'a0000000-0000-0000-0000-000000000017', 'Plain flour',             30, 'g'),
  ('b0000000-0000-0000-0000-000000000010', 'a0000000-0000-0000-0000-000000000002', 'Onion',                    1, 'units'),
  ('b0000000-0000-0000-0000-000000000010', 'a0000000-0000-0000-0000-000000000062', 'Bay leaves',               2, 'units'),
  ('b0000000-0000-0000-0000-000000000010', 'a0000000-0000-0000-0000-000000000048', 'Fresh parsley',            2, 'tbsp'),
  ('b0000000-0000-0000-0000-000000000010', 'a0000000-0000-0000-0000-000000000019', 'Salt',                     1, 'tsp'),
  ('b0000000-0000-0000-0000-000000000010', 'a0000000-0000-0000-0000-000000000020', 'Black pepper',             1, 'tsp');

-- 11. Chicken Fajitas
insert into recipe_ingredients (recipe_id, ingredient_id, name, quantity, unit) values
  ('b0000000-0000-0000-0000-000000000011', 'a0000000-0000-0000-0000-000000000023', 'Chicken breast',         500, 'g'),
  ('b0000000-0000-0000-0000-000000000011', 'a0000000-0000-0000-0000-000000000025', 'Red pepper',               2, 'units'),
  ('b0000000-0000-0000-0000-000000000011', 'a0000000-0000-0000-0000-000000000002', 'Onion',                    1, 'units'),
  ('b0000000-0000-0000-0000-000000000011', 'a0000000-0000-0000-0000-000000000049', 'Fajita seasoning',        30, 'g'),
  ('b0000000-0000-0000-0000-000000000011', 'a0000000-0000-0000-0000-000000000018', 'Olive oil',                1, 'tbsp'),
  ('b0000000-0000-0000-0000-000000000011', 'a0000000-0000-0000-0000-000000000050', 'Tortilla wraps',           8, 'units'),
  ('b0000000-0000-0000-0000-000000000011', 'a0000000-0000-0000-0000-000000000051', 'Sour cream',             100, 'ml'),
  ('b0000000-0000-0000-0000-000000000011', 'a0000000-0000-0000-0000-000000000052', 'Cheddar',                100, 'g'),
  ('b0000000-0000-0000-0000-000000000011', 'a0000000-0000-0000-0000-000000000053', 'Lettuce',                  1, 'units'),
  ('b0000000-0000-0000-0000-000000000011', 'a0000000-0000-0000-0000-000000000054', 'Lime',                     1, 'units');

-- 12. Macaroni Cheese
insert into recipe_ingredients (recipe_id, ingredient_id, name, quantity, unit) values
  ('b0000000-0000-0000-0000-000000000012', 'a0000000-0000-0000-0000-000000000055', 'Macaroni',               350, 'g'),
  ('b0000000-0000-0000-0000-000000000012', 'a0000000-0000-0000-0000-000000000052', 'Cheddar',                250, 'g'),
  ('b0000000-0000-0000-0000-000000000012', 'a0000000-0000-0000-0000-000000000009', 'Butter',                  40, 'g'),
  ('b0000000-0000-0000-0000-000000000012', 'a0000000-0000-0000-0000-000000000017', 'Plain flour',             40, 'g'),
  ('b0000000-0000-0000-0000-000000000012', 'a0000000-0000-0000-0000-000000000010', 'Milk',                   600, 'ml'),
  ('b0000000-0000-0000-0000-000000000012', 'a0000000-0000-0000-0000-000000000056', 'Mustard powder',           1, 'tsp'),
  ('b0000000-0000-0000-0000-000000000012', 'a0000000-0000-0000-0000-000000000019', 'Salt',                     1, 'tsp'),
  ('b0000000-0000-0000-0000-000000000012', 'a0000000-0000-0000-0000-000000000020', 'Black pepper',             1, 'tsp');

-- 13. Beef Stew
insert into recipe_ingredients (recipe_id, ingredient_id, name, quantity, unit) values
  ('b0000000-0000-0000-0000-000000000013', 'a0000000-0000-0000-0000-000000000057', 'Stewing beef',           600, 'g'),
  ('b0000000-0000-0000-0000-000000000013', 'a0000000-0000-0000-0000-000000000008', 'Potato',                 400, 'g'),
  ('b0000000-0000-0000-0000-000000000013', 'a0000000-0000-0000-0000-000000000003', 'Carrot',                   3, 'units'),
  ('b0000000-0000-0000-0000-000000000013', 'a0000000-0000-0000-0000-000000000002', 'Onion',                    2, 'units'),
  ('b0000000-0000-0000-0000-000000000013', 'a0000000-0000-0000-0000-000000000004', 'Celery',                   2, 'units'),
  ('b0000000-0000-0000-0000-000000000013', 'a0000000-0000-0000-0000-000000000007', 'Beef stock',             500, 'ml'),
  ('b0000000-0000-0000-0000-000000000013', 'a0000000-0000-0000-0000-000000000017', 'Plain flour',              2, 'tbsp'),
  ('b0000000-0000-0000-0000-000000000013', 'a0000000-0000-0000-0000-000000000005', 'Tomato paste',             1, 'tbsp'),
  ('b0000000-0000-0000-0000-000000000013', 'a0000000-0000-0000-0000-000000000029', 'Vegetable oil',            1, 'tbsp'),
  ('b0000000-0000-0000-0000-000000000013', 'a0000000-0000-0000-0000-000000000044', 'Fresh thyme',              3, 'units'),
  ('b0000000-0000-0000-0000-000000000013', 'a0000000-0000-0000-0000-000000000062', 'Bay leaves',               2, 'units'),
  ('b0000000-0000-0000-0000-000000000013', 'a0000000-0000-0000-0000-000000000019', 'Salt',                     1, 'tsp'),
  ('b0000000-0000-0000-0000-000000000013', 'a0000000-0000-0000-0000-000000000020', 'Black pepper',             1, 'tsp');

-- 14. Sausage Casserole
insert into recipe_ingredients (recipe_id, ingredient_id, name, quantity, unit) values
  ('b0000000-0000-0000-0000-000000000014', 'a0000000-0000-0000-0000-000000000031', 'Pork sausages',            8, 'units'),
  ('b0000000-0000-0000-0000-000000000014', 'a0000000-0000-0000-0000-000000000002', 'Onion',                    1, 'units'),
  ('b0000000-0000-0000-0000-000000000014', 'a0000000-0000-0000-0000-000000000012', 'Garlic',                   2, 'units'),
  ('b0000000-0000-0000-0000-000000000014', 'a0000000-0000-0000-0000-000000000013', 'Tinned tomatoes',        400, 'g'),
  ('b0000000-0000-0000-0000-000000000014', 'a0000000-0000-0000-0000-000000000043', 'Chicken stock',          200, 'ml'),
  ('b0000000-0000-0000-0000-000000000014', 'a0000000-0000-0000-0000-000000000058', 'Butter beans',           400, 'g'),
  ('b0000000-0000-0000-0000-000000000014', 'a0000000-0000-0000-0000-000000000003', 'Carrot',                   2, 'units'),
  ('b0000000-0000-0000-0000-000000000014', 'a0000000-0000-0000-0000-000000000036', 'Paprika',                  1, 'tsp'),
  ('b0000000-0000-0000-0000-000000000014', 'a0000000-0000-0000-0000-000000000006', 'Worcestershire sauce',     1, 'tbsp'),
  ('b0000000-0000-0000-0000-000000000014', 'a0000000-0000-0000-0000-000000000018', 'Olive oil',                1, 'tbsp'),
  ('b0000000-0000-0000-0000-000000000014', 'a0000000-0000-0000-0000-000000000019', 'Salt',                     1, 'tsp'),
  ('b0000000-0000-0000-0000-000000000014', 'a0000000-0000-0000-0000-000000000020', 'Black pepper',             1, 'tsp');

-- 15. Carbonara
insert into recipe_ingredients (recipe_id, ingredient_id, name, quantity, unit) values
  ('b0000000-0000-0000-0000-000000000015', 'a0000000-0000-0000-0000-000000000021', 'Spaghetti',              200, 'g'),
  ('b0000000-0000-0000-0000-000000000015', 'a0000000-0000-0000-0000-000000000059', 'Pancetta',               150, 'g'),
  ('b0000000-0000-0000-0000-000000000015', 'a0000000-0000-0000-0000-000000000041', 'Eggs',                     3, 'units'),
  ('b0000000-0000-0000-0000-000000000015', 'a0000000-0000-0000-0000-000000000016', 'Parmesan',                50, 'g'),
  ('b0000000-0000-0000-0000-000000000015', 'a0000000-0000-0000-0000-000000000012', 'Garlic',                   1, 'units'),
  ('b0000000-0000-0000-0000-000000000015', 'a0000000-0000-0000-0000-000000000018', 'Olive oil',                1, 'tbsp'),
  ('b0000000-0000-0000-0000-000000000015', 'a0000000-0000-0000-0000-000000000019', 'Salt',                     1, 'tsp'),
  ('b0000000-0000-0000-0000-000000000015', 'a0000000-0000-0000-0000-000000000020', 'Black pepper',             1, 'tsp');

-- 16. Jacket Potato with Beans and Cheese
insert into recipe_ingredients (recipe_id, ingredient_id, name, quantity, unit) values
  ('b0000000-0000-0000-0000-000000000016', 'a0000000-0000-0000-0000-000000000008', 'Potato',                   2, 'units'),
  ('b0000000-0000-0000-0000-000000000016', 'a0000000-0000-0000-0000-000000000060', 'Baked beans',            400, 'g'),
  ('b0000000-0000-0000-0000-000000000016', 'a0000000-0000-0000-0000-000000000052', 'Cheddar',                100, 'g'),
  ('b0000000-0000-0000-0000-000000000016', 'a0000000-0000-0000-0000-000000000009', 'Butter',                  20, 'g'),
  ('b0000000-0000-0000-0000-000000000016', 'a0000000-0000-0000-0000-000000000019', 'Salt',                     1, 'tsp'),
  ('b0000000-0000-0000-0000-000000000016', 'a0000000-0000-0000-0000-000000000020', 'Black pepper',             1, 'tsp');

-- 17. Vegetable Curry
insert into recipe_ingredients (recipe_id, ingredient_id, name, quantity, unit) values
  ('b0000000-0000-0000-0000-000000000017', 'a0000000-0000-0000-0000-000000000002', 'Onion',                    1, 'units'),
  ('b0000000-0000-0000-0000-000000000017', 'a0000000-0000-0000-0000-000000000012', 'Garlic',                   3, 'units'),
  ('b0000000-0000-0000-0000-000000000017', 'a0000000-0000-0000-0000-000000000024', 'Ginger',                   1, 'tbsp'),
  ('b0000000-0000-0000-0000-000000000017', 'a0000000-0000-0000-0000-000000000013', 'Tinned tomatoes',        400, 'g'),
  ('b0000000-0000-0000-0000-000000000017', 'a0000000-0000-0000-0000-000000000066', 'Coconut milk',           400, 'ml'),
  ('b0000000-0000-0000-0000-000000000017', 'a0000000-0000-0000-0000-000000000067', 'Chickpeas',              400, 'g'),
  ('b0000000-0000-0000-0000-000000000017', 'a0000000-0000-0000-0000-000000000068', 'Spinach',                200, 'g'),
  ('b0000000-0000-0000-0000-000000000017', 'a0000000-0000-0000-0000-000000000069', 'Curry powder',             2, 'tbsp'),
  ('b0000000-0000-0000-0000-000000000017', 'a0000000-0000-0000-0000-000000000029', 'Vegetable oil',            1, 'tbsp'),
  ('b0000000-0000-0000-0000-000000000017', 'a0000000-0000-0000-0000-000000000030', 'Rice',                   300, 'g'),
  ('b0000000-0000-0000-0000-000000000017', 'a0000000-0000-0000-0000-000000000040', 'Fresh coriander',          1, 'tbsp'),
  ('b0000000-0000-0000-0000-000000000017', 'a0000000-0000-0000-0000-000000000019', 'Salt',                     1, 'tsp');

-- 18. Mushroom Risotto
insert into recipe_ingredients (recipe_id, ingredient_id, name, quantity, unit) values
  ('b0000000-0000-0000-0000-000000000018', 'a0000000-0000-0000-0000-000000000064', 'Mushrooms',              300, 'g'),
  ('b0000000-0000-0000-0000-000000000018', 'a0000000-0000-0000-0000-000000000002', 'Onion',                    1, 'units'),
  ('b0000000-0000-0000-0000-000000000018', 'a0000000-0000-0000-0000-000000000012', 'Garlic',                   2, 'units'),
  ('b0000000-0000-0000-0000-000000000018', 'a0000000-0000-0000-0000-000000000071', 'Arborio rice',           300, 'g'),
  ('b0000000-0000-0000-0000-000000000018', 'a0000000-0000-0000-0000-000000000070', 'Vegetable stock',          1, 'l'),
  ('b0000000-0000-0000-0000-000000000018', 'a0000000-0000-0000-0000-000000000016', 'Parmesan',                50, 'g'),
  ('b0000000-0000-0000-0000-000000000018', 'a0000000-0000-0000-0000-000000000009', 'Butter',                  30, 'g'),
  ('b0000000-0000-0000-0000-000000000018', 'a0000000-0000-0000-0000-000000000018', 'Olive oil',                1, 'tbsp'),
  ('b0000000-0000-0000-0000-000000000018', 'a0000000-0000-0000-0000-000000000044', 'Fresh thyme',              3, 'units'),
  ('b0000000-0000-0000-0000-000000000018', 'a0000000-0000-0000-0000-000000000019', 'Salt',                     1, 'tsp'),
  ('b0000000-0000-0000-0000-000000000018', 'a0000000-0000-0000-0000-000000000020', 'Black pepper',             1, 'tsp');

-- 19. Veggie Chilli
insert into recipe_ingredients (recipe_id, ingredient_id, name, quantity, unit) values
  ('b0000000-0000-0000-0000-000000000019', 'a0000000-0000-0000-0000-000000000002', 'Onion',                    1, 'units'),
  ('b0000000-0000-0000-0000-000000000019', 'a0000000-0000-0000-0000-000000000012', 'Garlic',                   3, 'units'),
  ('b0000000-0000-0000-0000-000000000019', 'a0000000-0000-0000-0000-000000000025', 'Red pepper',               2, 'units'),
  ('b0000000-0000-0000-0000-000000000019', 'a0000000-0000-0000-0000-000000000013', 'Tinned tomatoes',        400, 'g'),
  ('b0000000-0000-0000-0000-000000000019', 'a0000000-0000-0000-0000-000000000033', 'Kidney beans',           400, 'g'),
  ('b0000000-0000-0000-0000-000000000019', 'a0000000-0000-0000-0000-000000000072', 'Black beans',            400, 'g'),
  ('b0000000-0000-0000-0000-000000000019', 'a0000000-0000-0000-0000-000000000073', 'Sweetcorn',              200, 'g'),
  ('b0000000-0000-0000-0000-000000000019', 'a0000000-0000-0000-0000-000000000005', 'Tomato paste',             1, 'tbsp'),
  ('b0000000-0000-0000-0000-000000000019', 'a0000000-0000-0000-0000-000000000034', 'Cumin',                    1, 'tsp'),
  ('b0000000-0000-0000-0000-000000000019', 'a0000000-0000-0000-0000-000000000035', 'Chilli powder',            1, 'tsp'),
  ('b0000000-0000-0000-0000-000000000019', 'a0000000-0000-0000-0000-000000000036', 'Paprika',                  1, 'tsp'),
  ('b0000000-0000-0000-0000-000000000019', 'a0000000-0000-0000-0000-000000000018', 'Olive oil',                1, 'tbsp'),
  ('b0000000-0000-0000-0000-000000000019', 'a0000000-0000-0000-0000-000000000030', 'Rice',                   200, 'g'),
  ('b0000000-0000-0000-0000-000000000019', 'a0000000-0000-0000-0000-000000000019', 'Salt',                     1, 'tsp'),
  ('b0000000-0000-0000-0000-000000000019', 'a0000000-0000-0000-0000-000000000020', 'Black pepper',             1, 'tsp');

-- 20. Cauliflower Cheese
insert into recipe_ingredients (recipe_id, ingredient_id, name, quantity, unit) values
  ('b0000000-0000-0000-0000-000000000020', 'a0000000-0000-0000-0000-000000000074', 'Cauliflower',              1, 'units'),
  ('b0000000-0000-0000-0000-000000000020', 'a0000000-0000-0000-0000-000000000052', 'Cheddar',                200, 'g'),
  ('b0000000-0000-0000-0000-000000000020', 'a0000000-0000-0000-0000-000000000009', 'Butter',                  40, 'g'),
  ('b0000000-0000-0000-0000-000000000020', 'a0000000-0000-0000-0000-000000000017', 'Plain flour',             40, 'g'),
  ('b0000000-0000-0000-0000-000000000020', 'a0000000-0000-0000-0000-000000000010', 'Milk',                   500, 'ml'),
  ('b0000000-0000-0000-0000-000000000020', 'a0000000-0000-0000-0000-000000000056', 'Mustard powder',           1, 'tsp'),
  ('b0000000-0000-0000-0000-000000000020', 'a0000000-0000-0000-0000-000000000019', 'Salt',                     1, 'tsp'),
  ('b0000000-0000-0000-0000-000000000020', 'a0000000-0000-0000-0000-000000000020', 'Black pepper',             1, 'tsp');

-- 21. Mushroom Stroganoff
insert into recipe_ingredients (recipe_id, ingredient_id, name, quantity, unit) values
  ('b0000000-0000-0000-0000-000000000021', 'a0000000-0000-0000-0000-000000000064', 'Mushrooms',              500, 'g'),
  ('b0000000-0000-0000-0000-000000000021', 'a0000000-0000-0000-0000-000000000002', 'Onion',                    1, 'units'),
  ('b0000000-0000-0000-0000-000000000021', 'a0000000-0000-0000-0000-000000000012', 'Garlic',                   2, 'units'),
  ('b0000000-0000-0000-0000-000000000021', 'a0000000-0000-0000-0000-000000000051', 'Sour cream',             150, 'ml'),
  ('b0000000-0000-0000-0000-000000000021', 'a0000000-0000-0000-0000-000000000075', 'Dijon mustard',            1, 'tsp'),
  ('b0000000-0000-0000-0000-000000000021', 'a0000000-0000-0000-0000-000000000036', 'Paprika',                  1, 'tsp'),
  ('b0000000-0000-0000-0000-000000000021', 'a0000000-0000-0000-0000-000000000018', 'Olive oil',                1, 'tbsp'),
  ('b0000000-0000-0000-0000-000000000021', 'a0000000-0000-0000-0000-000000000009', 'Butter',                  20, 'g'),
  ('b0000000-0000-0000-0000-000000000021', 'a0000000-0000-0000-0000-000000000030', 'Rice',                   200, 'g'),
  ('b0000000-0000-0000-0000-000000000021', 'a0000000-0000-0000-0000-000000000048', 'Fresh parsley',            1, 'tbsp'),
  ('b0000000-0000-0000-0000-000000000021', 'a0000000-0000-0000-0000-000000000019', 'Salt',                     1, 'tsp'),
  ('b0000000-0000-0000-0000-000000000021', 'a0000000-0000-0000-0000-000000000020', 'Black pepper',             1, 'tsp');

-- 22. Spinach and Ricotta Cannelloni
insert into recipe_ingredients (recipe_id, ingredient_id, name, quantity, unit) values
  ('b0000000-0000-0000-0000-000000000022', 'a0000000-0000-0000-0000-000000000077', 'Cannelloni tubes',       250, 'g'),
  ('b0000000-0000-0000-0000-000000000022', 'a0000000-0000-0000-0000-000000000068', 'Spinach',                400, 'g'),
  ('b0000000-0000-0000-0000-000000000022', 'a0000000-0000-0000-0000-000000000076', 'Ricotta',                250, 'g'),
  ('b0000000-0000-0000-0000-000000000022', 'a0000000-0000-0000-0000-000000000013', 'Tinned tomatoes',        400, 'g'),
  ('b0000000-0000-0000-0000-000000000022', 'a0000000-0000-0000-0000-000000000012', 'Garlic',                   2, 'units'),
  ('b0000000-0000-0000-0000-000000000022', 'a0000000-0000-0000-0000-000000000015', 'Mozzarella',             125, 'g'),
  ('b0000000-0000-0000-0000-000000000022', 'a0000000-0000-0000-0000-000000000016', 'Parmesan',                30, 'g'),
  ('b0000000-0000-0000-0000-000000000022', 'a0000000-0000-0000-0000-000000000018', 'Olive oil',                1, 'tbsp'),
  ('b0000000-0000-0000-0000-000000000022', 'a0000000-0000-0000-0000-000000000078', 'Nutmeg',                   1, 'tsp'),
  ('b0000000-0000-0000-0000-000000000022', 'a0000000-0000-0000-0000-000000000019', 'Salt',                     1, 'tsp'),
  ('b0000000-0000-0000-0000-000000000022', 'a0000000-0000-0000-0000-000000000020', 'Black pepper',             1, 'tsp');

-- 23. Vegetable Stir Fry
insert into recipe_ingredients (recipe_id, ingredient_id, name, quantity, unit) values
  ('b0000000-0000-0000-0000-000000000023', 'a0000000-0000-0000-0000-000000000025', 'Red pepper',               1, 'units'),
  ('b0000000-0000-0000-0000-000000000023', 'a0000000-0000-0000-0000-000000000026', 'Broccoli',               200, 'g'),
  ('b0000000-0000-0000-0000-000000000023', 'a0000000-0000-0000-0000-000000000064', 'Mushrooms',              150, 'g'),
  ('b0000000-0000-0000-0000-000000000023', 'a0000000-0000-0000-0000-000000000063', 'Spring onions',            4, 'units'),
  ('b0000000-0000-0000-0000-000000000023', 'a0000000-0000-0000-0000-000000000012', 'Garlic',                   2, 'units'),
  ('b0000000-0000-0000-0000-000000000023', 'a0000000-0000-0000-0000-000000000024', 'Ginger',                   1, 'tbsp'),
  ('b0000000-0000-0000-0000-000000000023', 'a0000000-0000-0000-0000-000000000027', 'Soy sauce',                2, 'tbsp'),
  ('b0000000-0000-0000-0000-000000000023', 'a0000000-0000-0000-0000-000000000028', 'Sesame oil',               1, 'tsp'),
  ('b0000000-0000-0000-0000-000000000023', 'a0000000-0000-0000-0000-000000000029', 'Vegetable oil',            1, 'tbsp'),
  ('b0000000-0000-0000-0000-000000000023', 'a0000000-0000-0000-0000-000000000030', 'Rice',                   200, 'g');

-- 24. Red Lentil Dhal
insert into recipe_ingredients (recipe_id, ingredient_id, name, quantity, unit) values
  ('b0000000-0000-0000-0000-000000000024', 'a0000000-0000-0000-0000-000000000079', 'Red lentils',            250, 'g'),
  ('b0000000-0000-0000-0000-000000000024', 'a0000000-0000-0000-0000-000000000002', 'Onion',                    1, 'units'),
  ('b0000000-0000-0000-0000-000000000024', 'a0000000-0000-0000-0000-000000000012', 'Garlic',                   3, 'units'),
  ('b0000000-0000-0000-0000-000000000024', 'a0000000-0000-0000-0000-000000000024', 'Ginger',                   1, 'tbsp'),
  ('b0000000-0000-0000-0000-000000000024', 'a0000000-0000-0000-0000-000000000013', 'Tinned tomatoes',        400, 'g'),
  ('b0000000-0000-0000-0000-000000000024', 'a0000000-0000-0000-0000-000000000066', 'Coconut milk',           400, 'ml'),
  ('b0000000-0000-0000-0000-000000000024', 'a0000000-0000-0000-0000-000000000034', 'Cumin',                    1, 'tsp'),
  ('b0000000-0000-0000-0000-000000000024', 'a0000000-0000-0000-0000-000000000080', 'Turmeric',                 1, 'tsp'),
  ('b0000000-0000-0000-0000-000000000024', 'a0000000-0000-0000-0000-000000000029', 'Vegetable oil',            1, 'tbsp'),
  ('b0000000-0000-0000-0000-000000000024', 'a0000000-0000-0000-0000-000000000030', 'Rice',                   300, 'g'),
  ('b0000000-0000-0000-0000-000000000024', 'a0000000-0000-0000-0000-000000000061', 'Naan bread',               4, 'units'),
  ('b0000000-0000-0000-0000-000000000024', 'a0000000-0000-0000-0000-000000000040', 'Fresh coriander',          1, 'tbsp'),
  ('b0000000-0000-0000-0000-000000000024', 'a0000000-0000-0000-0000-000000000019', 'Salt',                     1, 'tsp');

-- 25. Halloumi and Veg Traybake
insert into recipe_ingredients (recipe_id, ingredient_id, name, quantity, unit) values
  ('b0000000-0000-0000-0000-000000000025', 'a0000000-0000-0000-0000-000000000081', 'Halloumi',               250, 'g'),
  ('b0000000-0000-0000-0000-000000000025', 'a0000000-0000-0000-0000-000000000082', 'Courgette',                2, 'units'),
  ('b0000000-0000-0000-0000-000000000025', 'a0000000-0000-0000-0000-000000000025', 'Red pepper',               2, 'units'),
  ('b0000000-0000-0000-0000-000000000025', 'a0000000-0000-0000-0000-000000000002', 'Onion',                    1, 'units'),
  ('b0000000-0000-0000-0000-000000000025', 'a0000000-0000-0000-0000-000000000083', 'Cherry tomatoes',        250, 'g'),
  ('b0000000-0000-0000-0000-000000000025', 'a0000000-0000-0000-0000-000000000018', 'Olive oil',                2, 'tbsp'),
  ('b0000000-0000-0000-0000-000000000025', 'a0000000-0000-0000-0000-000000000036', 'Paprika',                  1, 'tsp'),
  ('b0000000-0000-0000-0000-000000000025', 'a0000000-0000-0000-0000-000000000019', 'Salt',                     1, 'tsp'),
  ('b0000000-0000-0000-0000-000000000025', 'a0000000-0000-0000-0000-000000000020', 'Black pepper',             1, 'tsp');

-- 26. Cheese and Onion Pie
insert into recipe_ingredients (recipe_id, ingredient_id, name, quantity, unit) values
  ('b0000000-0000-0000-0000-000000000026', 'a0000000-0000-0000-0000-000000000002', 'Onion',                    3, 'units'),
  ('b0000000-0000-0000-0000-000000000026', 'a0000000-0000-0000-0000-000000000052', 'Cheddar',                200, 'g'),
  ('b0000000-0000-0000-0000-000000000026', 'a0000000-0000-0000-0000-000000000084', 'Puff pastry',            375, 'g'),
  ('b0000000-0000-0000-0000-000000000026', 'a0000000-0000-0000-0000-000000000041', 'Eggs',                     1, 'units'),
  ('b0000000-0000-0000-0000-000000000026', 'a0000000-0000-0000-0000-000000000009', 'Butter',                  20, 'g'),
  ('b0000000-0000-0000-0000-000000000026', 'a0000000-0000-0000-0000-000000000056', 'Mustard powder',           1, 'tsp'),
  ('b0000000-0000-0000-0000-000000000026', 'a0000000-0000-0000-0000-000000000019', 'Salt',                     1, 'tsp'),
  ('b0000000-0000-0000-0000-000000000026', 'a0000000-0000-0000-0000-000000000020', 'Black pepper',             1, 'tsp');

-- 27. Pasta Primavera
insert into recipe_ingredients (recipe_id, ingredient_id, name, quantity, unit) values
  ('b0000000-0000-0000-0000-000000000027', 'a0000000-0000-0000-0000-000000000085', 'Penne',                  400, 'g'),
  ('b0000000-0000-0000-0000-000000000027', 'a0000000-0000-0000-0000-000000000082', 'Courgette',                1, 'units'),
  ('b0000000-0000-0000-0000-000000000027', 'a0000000-0000-0000-0000-000000000083', 'Cherry tomatoes',        250, 'g'),
  ('b0000000-0000-0000-0000-000000000027', 'a0000000-0000-0000-0000-000000000025', 'Red pepper',               1, 'units'),
  ('b0000000-0000-0000-0000-000000000027', 'a0000000-0000-0000-0000-000000000012', 'Garlic',                   2, 'units'),
  ('b0000000-0000-0000-0000-000000000027', 'a0000000-0000-0000-0000-000000000018', 'Olive oil',                2, 'tbsp'),
  ('b0000000-0000-0000-0000-000000000027', 'a0000000-0000-0000-0000-000000000016', 'Parmesan',                30, 'g'),
  ('b0000000-0000-0000-0000-000000000027', 'a0000000-0000-0000-0000-000000000086', 'Fresh basil',              1, 'tbsp'),
  ('b0000000-0000-0000-0000-000000000027', 'a0000000-0000-0000-0000-000000000090', 'Pine nuts',               30, 'g'),
  ('b0000000-0000-0000-0000-000000000027', 'a0000000-0000-0000-0000-000000000019', 'Salt',                     1, 'tsp'),
  ('b0000000-0000-0000-0000-000000000027', 'a0000000-0000-0000-0000-000000000020', 'Black pepper',             1, 'tsp');

-- 28. Veggie Fajitas
insert into recipe_ingredients (recipe_id, ingredient_id, name, quantity, unit) values
  ('b0000000-0000-0000-0000-000000000028', 'a0000000-0000-0000-0000-000000000025', 'Red pepper',               2, 'units'),
  ('b0000000-0000-0000-0000-000000000028', 'a0000000-0000-0000-0000-000000000002', 'Onion',                    2, 'units'),
  ('b0000000-0000-0000-0000-000000000028', 'a0000000-0000-0000-0000-000000000064', 'Mushrooms',              200, 'g'),
  ('b0000000-0000-0000-0000-000000000028', 'a0000000-0000-0000-0000-000000000049', 'Fajita seasoning',        30, 'g'),
  ('b0000000-0000-0000-0000-000000000028', 'a0000000-0000-0000-0000-000000000018', 'Olive oil',                1, 'tbsp'),
  ('b0000000-0000-0000-0000-000000000028', 'a0000000-0000-0000-0000-000000000050', 'Tortilla wraps',           8, 'units'),
  ('b0000000-0000-0000-0000-000000000028', 'a0000000-0000-0000-0000-000000000051', 'Sour cream',             100, 'ml'),
  ('b0000000-0000-0000-0000-000000000028', 'a0000000-0000-0000-0000-000000000052', 'Cheddar',                100, 'g'),
  ('b0000000-0000-0000-0000-000000000028', 'a0000000-0000-0000-0000-000000000053', 'Lettuce',                  1, 'units'),
  ('b0000000-0000-0000-0000-000000000028', 'a0000000-0000-0000-0000-000000000054', 'Lime',                     1, 'units');

-- 29. Sweet Potato and Chickpea Curry
insert into recipe_ingredients (recipe_id, ingredient_id, name, quantity, unit) values
  ('b0000000-0000-0000-0000-000000000029', 'a0000000-0000-0000-0000-000000000088', 'Sweet potato',           400, 'g'),
  ('b0000000-0000-0000-0000-000000000029', 'a0000000-0000-0000-0000-000000000067', 'Chickpeas',              400, 'g'),
  ('b0000000-0000-0000-0000-000000000029', 'a0000000-0000-0000-0000-000000000068', 'Spinach',                150, 'g'),
  ('b0000000-0000-0000-0000-000000000029', 'a0000000-0000-0000-0000-000000000002', 'Onion',                    1, 'units'),
  ('b0000000-0000-0000-0000-000000000029', 'a0000000-0000-0000-0000-000000000012', 'Garlic',                   3, 'units'),
  ('b0000000-0000-0000-0000-000000000029', 'a0000000-0000-0000-0000-000000000024', 'Ginger',                   1, 'tbsp'),
  ('b0000000-0000-0000-0000-000000000029', 'a0000000-0000-0000-0000-000000000066', 'Coconut milk',           400, 'ml'),
  ('b0000000-0000-0000-0000-000000000029', 'a0000000-0000-0000-0000-000000000069', 'Curry powder',             2, 'tbsp'),
  ('b0000000-0000-0000-0000-000000000029', 'a0000000-0000-0000-0000-000000000029', 'Vegetable oil',            1, 'tbsp'),
  ('b0000000-0000-0000-0000-000000000029', 'a0000000-0000-0000-0000-000000000030', 'Rice',                   300, 'g'),
  ('b0000000-0000-0000-0000-000000000029', 'a0000000-0000-0000-0000-000000000040', 'Fresh coriander',          1, 'tbsp'),
  ('b0000000-0000-0000-0000-000000000029', 'a0000000-0000-0000-0000-000000000019', 'Salt',                     1, 'tsp');

-- 30. Vegetable Lasagna
insert into recipe_ingredients (recipe_id, ingredient_id, name, quantity, unit) values
  ('b0000000-0000-0000-0000-000000000030', 'a0000000-0000-0000-0000-000000000082', 'Courgette',                2, 'units'),
  ('b0000000-0000-0000-0000-000000000030', 'a0000000-0000-0000-0000-000000000064', 'Mushrooms',              200, 'g'),
  ('b0000000-0000-0000-0000-000000000030', 'a0000000-0000-0000-0000-000000000025', 'Red pepper',               1, 'units'),
  ('b0000000-0000-0000-0000-000000000030', 'a0000000-0000-0000-0000-000000000068', 'Spinach',                200, 'g'),
  ('b0000000-0000-0000-0000-000000000030', 'a0000000-0000-0000-0000-000000000002', 'Onion',                    1, 'units'),
  ('b0000000-0000-0000-0000-000000000030', 'a0000000-0000-0000-0000-000000000012', 'Garlic',                   3, 'units'),
  ('b0000000-0000-0000-0000-000000000030', 'a0000000-0000-0000-0000-000000000013', 'Tinned tomatoes',        400, 'g'),
  ('b0000000-0000-0000-0000-000000000030', 'a0000000-0000-0000-0000-000000000005', 'Tomato paste',             2, 'tbsp'),
  ('b0000000-0000-0000-0000-000000000030', 'a0000000-0000-0000-0000-000000000014', 'Lasagna sheets',         250, 'g'),
  ('b0000000-0000-0000-0000-000000000030', 'a0000000-0000-0000-0000-000000000015', 'Mozzarella',             250, 'g'),
  ('b0000000-0000-0000-0000-000000000030', 'a0000000-0000-0000-0000-000000000016', 'Parmesan',                50, 'g'),
  ('b0000000-0000-0000-0000-000000000030', 'a0000000-0000-0000-0000-000000000009', 'Butter',                  50, 'g'),
  ('b0000000-0000-0000-0000-000000000030', 'a0000000-0000-0000-0000-000000000017', 'Plain flour',             40, 'g'),
  ('b0000000-0000-0000-0000-000000000030', 'a0000000-0000-0000-0000-000000000010', 'Milk',                   500, 'ml'),
  ('b0000000-0000-0000-0000-000000000030', 'a0000000-0000-0000-0000-000000000018', 'Olive oil',                2, 'tbsp'),
  ('b0000000-0000-0000-0000-000000000030', 'a0000000-0000-0000-0000-000000000019', 'Salt',                     1, 'tsp'),
  ('b0000000-0000-0000-0000-000000000030', 'a0000000-0000-0000-0000-000000000020', 'Black pepper',             1, 'tsp');

-- 31. Aubergine Parmigiana
insert into recipe_ingredients (recipe_id, ingredient_id, name, quantity, unit) values
  ('b0000000-0000-0000-0000-000000000031', 'a0000000-0000-0000-0000-000000000091', 'Aubergine',                2, 'units'),
  ('b0000000-0000-0000-0000-000000000031', 'a0000000-0000-0000-0000-000000000092', 'Passata',                500, 'ml'),
  ('b0000000-0000-0000-0000-000000000031', 'a0000000-0000-0000-0000-000000000012', 'Garlic',                   2, 'units'),
  ('b0000000-0000-0000-0000-000000000031', 'a0000000-0000-0000-0000-000000000015', 'Mozzarella',             250, 'g'),
  ('b0000000-0000-0000-0000-000000000031', 'a0000000-0000-0000-0000-000000000016', 'Parmesan',                50, 'g'),
  ('b0000000-0000-0000-0000-000000000031', 'a0000000-0000-0000-0000-000000000018', 'Olive oil',                3, 'tbsp'),
  ('b0000000-0000-0000-0000-000000000031', 'a0000000-0000-0000-0000-000000000086', 'Fresh basil',              1, 'tbsp'),
  ('b0000000-0000-0000-0000-000000000031', 'a0000000-0000-0000-0000-000000000093', 'Dried oregano',            1, 'tsp'),
  ('b0000000-0000-0000-0000-000000000031', 'a0000000-0000-0000-0000-000000000019', 'Salt',                     1, 'tsp'),
  ('b0000000-0000-0000-0000-000000000031', 'a0000000-0000-0000-0000-000000000020', 'Black pepper',             1, 'tsp');

-- 32. Bean and Vegetable Soup
insert into recipe_ingredients (recipe_id, ingredient_id, name, quantity, unit) values
  ('b0000000-0000-0000-0000-000000000032', 'a0000000-0000-0000-0000-000000000002', 'Onion',                    1, 'units'),
  ('b0000000-0000-0000-0000-000000000032', 'a0000000-0000-0000-0000-000000000012', 'Garlic',                   2, 'units'),
  ('b0000000-0000-0000-0000-000000000032', 'a0000000-0000-0000-0000-000000000003', 'Carrot',                   2, 'units'),
  ('b0000000-0000-0000-0000-000000000032', 'a0000000-0000-0000-0000-000000000004', 'Celery',                   2, 'units'),
  ('b0000000-0000-0000-0000-000000000032', 'a0000000-0000-0000-0000-000000000013', 'Tinned tomatoes',        400, 'g'),
  ('b0000000-0000-0000-0000-000000000032', 'a0000000-0000-0000-0000-000000000087', 'Cannellini beans',       400, 'g'),
  ('b0000000-0000-0000-0000-000000000032', 'a0000000-0000-0000-0000-000000000070', 'Vegetable stock',        750, 'ml'),
  ('b0000000-0000-0000-0000-000000000032', 'a0000000-0000-0000-0000-000000000018', 'Olive oil',                1, 'tbsp'),
  ('b0000000-0000-0000-0000-000000000032', 'a0000000-0000-0000-0000-000000000022', 'Mixed herbs',              1, 'tsp'),
  ('b0000000-0000-0000-0000-000000000032', 'a0000000-0000-0000-0000-000000000019', 'Salt',                     1, 'tsp'),
  ('b0000000-0000-0000-0000-000000000032', 'a0000000-0000-0000-0000-000000000020', 'Black pepper',             1, 'tsp');

-- Recipe vibes
insert into recipe_vibes (recipe_id, vibe) values
  -- 1. Shepherd's Pie: comfort, pie, classic-combo
  ('b0000000-0000-0000-0000-000000000001', 'comfort'),
  ('b0000000-0000-0000-0000-000000000001', 'pie'),
  ('b0000000-0000-0000-0000-000000000001', 'classic-combo'),
  -- 2. Lasagna: comfort, pasta
  ('b0000000-0000-0000-0000-000000000002', 'comfort'),
  ('b0000000-0000-0000-0000-000000000002', 'pasta'),
  -- 3. Spaghetti Bolognese: comfort, pasta, classic-combo, quick
  ('b0000000-0000-0000-0000-000000000003', 'comfort'),
  ('b0000000-0000-0000-0000-000000000003', 'pasta'),
  ('b0000000-0000-0000-0000-000000000003', 'classic-combo'),
  ('b0000000-0000-0000-0000-000000000003', 'quick'),
  -- 4. Chicken Stir Fry: quick, stir-fry, classic-combo
  ('b0000000-0000-0000-0000-000000000004', 'quick'),
  ('b0000000-0000-0000-0000-000000000004', 'stir-fry'),
  ('b0000000-0000-0000-0000-000000000004', 'classic-combo'),
  -- 5. Bangers and Mash: comfort, classic-combo
  ('b0000000-0000-0000-0000-000000000005', 'comfort'),
  ('b0000000-0000-0000-0000-000000000005', 'classic-combo'),
  -- 6. Chilli Con Carne: spicy, comfort, one-pot
  ('b0000000-0000-0000-0000-000000000006', 'spicy'),
  ('b0000000-0000-0000-0000-000000000006', 'comfort'),
  ('b0000000-0000-0000-0000-000000000006', 'one-pot'),
  -- 7. Chicken Tikka Masala: curry, spicy, classic-combo
  ('b0000000-0000-0000-0000-000000000007', 'curry'),
  ('b0000000-0000-0000-0000-000000000007', 'spicy'),
  ('b0000000-0000-0000-0000-000000000007', 'classic-combo'),
  -- 8. Toad in the Hole: comfort
  ('b0000000-0000-0000-0000-000000000008', 'comfort'),
  -- 9. Roast Chicken Dinner: roast, comfort, classic-combo
  ('b0000000-0000-0000-0000-000000000009', 'roast'),
  ('b0000000-0000-0000-0000-000000000009', 'comfort'),
  ('b0000000-0000-0000-0000-000000000009', 'classic-combo'),
  -- 10. Fish Pie: comfort, pie
  ('b0000000-0000-0000-0000-000000000010', 'comfort'),
  ('b0000000-0000-0000-0000-000000000010', 'pie'),
  -- 11. Chicken Fajitas: quick, spicy
  ('b0000000-0000-0000-0000-000000000011', 'quick'),
  ('b0000000-0000-0000-0000-000000000011', 'spicy'),
  -- 12. Macaroni Cheese: comfort, pasta, vegetarian
  ('b0000000-0000-0000-0000-000000000012', 'comfort'),
  ('b0000000-0000-0000-0000-000000000012', 'pasta'),
  ('b0000000-0000-0000-0000-000000000012', 'vegetarian'),
  -- 13. Beef Stew: comfort, one-pot
  ('b0000000-0000-0000-0000-000000000013', 'comfort'),
  ('b0000000-0000-0000-0000-000000000013', 'one-pot'),
  -- 14. Sausage Casserole: comfort, one-pot
  ('b0000000-0000-0000-0000-000000000014', 'comfort'),
  ('b0000000-0000-0000-0000-000000000014', 'one-pot'),
  -- 15. Carbonara: pasta, quick
  ('b0000000-0000-0000-0000-000000000015', 'pasta'),
  ('b0000000-0000-0000-0000-000000000015', 'quick'),
  -- 16. Jacket Potato with Beans and Cheese: quick, vegetarian, comfort
  ('b0000000-0000-0000-0000-000000000016', 'quick'),
  ('b0000000-0000-0000-0000-000000000016', 'vegetarian'),
  ('b0000000-0000-0000-0000-000000000016', 'comfort'),
  -- 17. Vegetable Curry: vegetarian, vegan, curry, spicy
  ('b0000000-0000-0000-0000-000000000017', 'vegetarian'),
  ('b0000000-0000-0000-0000-000000000017', 'vegan'),
  ('b0000000-0000-0000-0000-000000000017', 'curry'),
  ('b0000000-0000-0000-0000-000000000017', 'spicy'),
  -- 18. Mushroom Risotto: vegetarian, comfort
  ('b0000000-0000-0000-0000-000000000018', 'vegetarian'),
  ('b0000000-0000-0000-0000-000000000018', 'comfort'),
  -- 19. Veggie Chilli: vegetarian, vegan, spicy, one-pot
  ('b0000000-0000-0000-0000-000000000019', 'vegetarian'),
  ('b0000000-0000-0000-0000-000000000019', 'vegan'),
  ('b0000000-0000-0000-0000-000000000019', 'spicy'),
  ('b0000000-0000-0000-0000-000000000019', 'one-pot'),
  -- 20. Cauliflower Cheese: vegetarian, comfort
  ('b0000000-0000-0000-0000-000000000020', 'vegetarian'),
  ('b0000000-0000-0000-0000-000000000020', 'comfort'),
  -- 21. Mushroom Stroganoff: vegetarian, quick, comfort
  ('b0000000-0000-0000-0000-000000000021', 'vegetarian'),
  ('b0000000-0000-0000-0000-000000000021', 'quick'),
  ('b0000000-0000-0000-0000-000000000021', 'comfort'),
  -- 22. Spinach and Ricotta Cannelloni: vegetarian, pasta, comfort
  ('b0000000-0000-0000-0000-000000000022', 'vegetarian'),
  ('b0000000-0000-0000-0000-000000000022', 'pasta'),
  ('b0000000-0000-0000-0000-000000000022', 'comfort'),
  -- 23. Vegetable Stir Fry: vegetarian, vegan, quick, stir-fry
  ('b0000000-0000-0000-0000-000000000023', 'vegetarian'),
  ('b0000000-0000-0000-0000-000000000023', 'vegan'),
  ('b0000000-0000-0000-0000-000000000023', 'quick'),
  ('b0000000-0000-0000-0000-000000000023', 'stir-fry'),
  -- 24. Red Lentil Dhal: vegetarian, vegan, curry, spicy
  ('b0000000-0000-0000-0000-000000000024', 'vegetarian'),
  ('b0000000-0000-0000-0000-000000000024', 'vegan'),
  ('b0000000-0000-0000-0000-000000000024', 'curry'),
  ('b0000000-0000-0000-0000-000000000024', 'spicy'),
  -- 25. Halloumi and Veg Traybake: vegetarian, quick, roast
  ('b0000000-0000-0000-0000-000000000025', 'vegetarian'),
  ('b0000000-0000-0000-0000-000000000025', 'quick'),
  ('b0000000-0000-0000-0000-000000000025', 'roast'),
  -- 26. Cheese and Onion Pie: vegetarian, pie, comfort
  ('b0000000-0000-0000-0000-000000000026', 'vegetarian'),
  ('b0000000-0000-0000-0000-000000000026', 'pie'),
  ('b0000000-0000-0000-0000-000000000026', 'comfort'),
  -- 27. Pasta Primavera: vegetarian, pasta, quick
  ('b0000000-0000-0000-0000-000000000027', 'vegetarian'),
  ('b0000000-0000-0000-0000-000000000027', 'pasta'),
  ('b0000000-0000-0000-0000-000000000027', 'quick'),
  -- 28. Veggie Fajitas: vegetarian, vegan, quick, spicy
  ('b0000000-0000-0000-0000-000000000028', 'vegetarian'),
  ('b0000000-0000-0000-0000-000000000028', 'vegan'),
  ('b0000000-0000-0000-0000-000000000028', 'quick'),
  ('b0000000-0000-0000-0000-000000000028', 'spicy'),
  -- 29. Sweet Potato and Chickpea Curry: vegetarian, vegan, curry, spicy, one-pot
  ('b0000000-0000-0000-0000-000000000029', 'vegetarian'),
  ('b0000000-0000-0000-0000-000000000029', 'vegan'),
  ('b0000000-0000-0000-0000-000000000029', 'curry'),
  ('b0000000-0000-0000-0000-000000000029', 'spicy'),
  ('b0000000-0000-0000-0000-000000000029', 'one-pot'),
  -- 30. Vegetable Lasagna: vegetarian, pasta, comfort
  ('b0000000-0000-0000-0000-000000000030', 'vegetarian'),
  ('b0000000-0000-0000-0000-000000000030', 'pasta'),
  ('b0000000-0000-0000-0000-000000000030', 'comfort'),
  -- 31. Aubergine Parmigiana: vegetarian, comfort
  ('b0000000-0000-0000-0000-000000000031', 'vegetarian'),
  ('b0000000-0000-0000-0000-000000000031', 'comfort'),
  -- 32. Bean and Vegetable Soup: vegetarian, vegan, soup, one-pot
  ('b0000000-0000-0000-0000-000000000032', 'vegetarian'),
  ('b0000000-0000-0000-0000-000000000032', 'vegan'),
  ('b0000000-0000-0000-0000-000000000032', 'soup'),
  ('b0000000-0000-0000-0000-000000000032', 'one-pot');
