-- Master ingredients
insert into ingredients (id, name) values
  ('a0000000-0000-0000-0000-000000000001', 'Lamb mince'),
  ('a0000000-0000-0000-0000-000000000002', 'Onion'),
  ('a0000000-0000-0000-0000-000000000003', 'Carrot'),
  ('a0000000-0000-0000-0000-000000000004', 'Celery'),
  ('a0000000-0000-0000-0000-000000000005', 'Tomato paste'),
  ('a0000000-0000-0000-0000-000000000006', 'Worcestershire sauce'),
  ('a0000000-0000-0000-0000-000000000007', 'Beef stock'),
  ('a0000000-0000-0000-0000-000000000008', 'Potato'),
  ('a0000000-0000-0000-0000-000000000009', 'Butter'),
  ('a0000000-0000-0000-0000-000000000010', 'Milk'),
  ('a0000000-0000-0000-0000-000000000011', 'Beef mince'),
  ('a0000000-0000-0000-0000-000000000012', 'Garlic'),
  ('a0000000-0000-0000-0000-000000000013', 'Tinned tomatoes'),
  ('a0000000-0000-0000-0000-000000000014', 'Lasagna sheets'),
  ('a0000000-0000-0000-0000-000000000015', 'Mozzarella'),
  ('a0000000-0000-0000-0000-000000000016', 'Parmesan'),
  ('a0000000-0000-0000-0000-000000000017', 'Plain flour'),
  ('a0000000-0000-0000-0000-000000000018', 'Olive oil'),
  ('a0000000-0000-0000-0000-000000000019', 'Tortelloni'),
  ('a0000000-0000-0000-0000-000000000020', 'Pesto'),
  ('a0000000-0000-0000-0000-000000000021', 'Cherry tomatoes'),
  ('a0000000-0000-0000-0000-000000000022', 'Salt'),
  ('a0000000-0000-0000-0000-000000000023', 'Black pepper');

-- Recipes
insert into recipes (id, name, description, servings) values
  ('b0000000-0000-0000-0000-000000000001', 'Shepherd''s Pie', 'Classic comfort food with lamb mince and creamy mashed potato topping.', 4),
  ('b0000000-0000-0000-0000-000000000002', 'Lasagna', 'Layered beef ragu with bechamel sauce and melted cheese.', 6),
  ('b0000000-0000-0000-0000-000000000003', 'Pre-made Tortelloni', 'Quick meal with store-bought tortelloni, pesto, and fresh cherry tomatoes.', 2);

-- Shepherd's Pie ingredients
insert into recipe_ingredients (recipe_id, ingredient_id, name, quantity, unit) values
  ('b0000000-0000-0000-0000-000000000001', 'a0000000-0000-0000-0000-000000000001', 'Lamb mince',          500, 'g'),
  ('b0000000-0000-0000-0000-000000000001', 'a0000000-0000-0000-0000-000000000002', 'Onion',                 1, 'units'),
  ('b0000000-0000-0000-0000-000000000001', 'a0000000-0000-0000-0000-000000000003', 'Carrot',                2, 'units'),
  ('b0000000-0000-0000-0000-000000000001', 'a0000000-0000-0000-0000-000000000004', 'Celery',                2, 'units'),
  ('b0000000-0000-0000-0000-000000000001', 'a0000000-0000-0000-0000-000000000005', 'Tomato paste',          2, 'tbsp'),
  ('b0000000-0000-0000-0000-000000000001', 'a0000000-0000-0000-0000-000000000006', 'Worcestershire sauce',  1, 'tbsp'),
  ('b0000000-0000-0000-0000-000000000001', 'a0000000-0000-0000-0000-000000000007', 'Beef stock',          250, 'ml'),
  ('b0000000-0000-0000-0000-000000000001', 'a0000000-0000-0000-0000-000000000008', 'Potato',              800, 'g'),
  ('b0000000-0000-0000-0000-000000000001', 'a0000000-0000-0000-0000-000000000009', 'Butter',               30, 'g'),
  ('b0000000-0000-0000-0000-000000000001', 'a0000000-0000-0000-0000-000000000010', 'Milk',                 50, 'ml'),
  ('b0000000-0000-0000-0000-000000000001', 'a0000000-0000-0000-0000-000000000022', 'Salt',                  1, 'tsp'),
  ('b0000000-0000-0000-0000-000000000001', 'a0000000-0000-0000-0000-000000000023', 'Black pepper',          1, 'tsp');

-- Lasagna ingredients
insert into recipe_ingredients (recipe_id, ingredient_id, name, quantity, unit) values
  ('b0000000-0000-0000-0000-000000000002', 'a0000000-0000-0000-0000-000000000011', 'Beef mince',          500, 'g'),
  ('b0000000-0000-0000-0000-000000000002', 'a0000000-0000-0000-0000-000000000002', 'Onion',                 1, 'units'),
  ('b0000000-0000-0000-0000-000000000002', 'a0000000-0000-0000-0000-000000000012', 'Garlic',                3, 'units'),
  ('b0000000-0000-0000-0000-000000000002', 'a0000000-0000-0000-0000-000000000003', 'Carrot',                1, 'units'),
  ('b0000000-0000-0000-0000-000000000002', 'a0000000-0000-0000-0000-000000000004', 'Celery',                1, 'units'),
  ('b0000000-0000-0000-0000-000000000002', 'a0000000-0000-0000-0000-000000000013', 'Tinned tomatoes',     400, 'g'),
  ('b0000000-0000-0000-0000-000000000002', 'a0000000-0000-0000-0000-000000000005', 'Tomato paste',          2, 'tbsp'),
  ('b0000000-0000-0000-0000-000000000002', 'a0000000-0000-0000-0000-000000000018', 'Olive oil',             2, 'tbsp'),
  ('b0000000-0000-0000-0000-000000000002', 'a0000000-0000-0000-0000-000000000014', 'Lasagna sheets',      250, 'g'),
  ('b0000000-0000-0000-0000-000000000002', 'a0000000-0000-0000-0000-000000000015', 'Mozzarella',          250, 'g'),
  ('b0000000-0000-0000-0000-000000000002', 'a0000000-0000-0000-0000-000000000016', 'Parmesan',             50, 'g'),
  ('b0000000-0000-0000-0000-000000000002', 'a0000000-0000-0000-0000-000000000009', 'Butter',               50, 'g'),
  ('b0000000-0000-0000-0000-000000000002', 'a0000000-0000-0000-0000-000000000017', 'Plain flour',          40, 'g'),
  ('b0000000-0000-0000-0000-000000000002', 'a0000000-0000-0000-0000-000000000010', 'Milk',                500, 'ml'),
  ('b0000000-0000-0000-0000-000000000002', 'a0000000-0000-0000-0000-000000000022', 'Salt',                  1, 'tsp'),
  ('b0000000-0000-0000-0000-000000000002', 'a0000000-0000-0000-0000-000000000023', 'Black pepper',          1, 'tsp');

-- Pre-made Tortelloni ingredients
insert into recipe_ingredients (recipe_id, ingredient_id, name, quantity, unit) values
  ('b0000000-0000-0000-0000-000000000003', 'a0000000-0000-0000-0000-000000000019', 'Tortelloni',          400, 'g'),
  ('b0000000-0000-0000-0000-000000000003', 'a0000000-0000-0000-0000-000000000020', 'Pesto',                3, 'tbsp'),
  ('b0000000-0000-0000-0000-000000000003', 'a0000000-0000-0000-0000-000000000021', 'Cherry tomatoes',     200, 'g'),
  ('b0000000-0000-0000-0000-000000000003', 'a0000000-0000-0000-0000-000000000016', 'Parmesan',             30, 'g'),
  ('b0000000-0000-0000-0000-000000000003', 'a0000000-0000-0000-0000-000000000018', 'Olive oil',             1, 'tbsp'),
  ('b0000000-0000-0000-0000-000000000003', 'a0000000-0000-0000-0000-000000000022', 'Salt',                  1, 'tsp'),
  ('b0000000-0000-0000-0000-000000000003', 'a0000000-0000-0000-0000-000000000023', 'Black pepper',          1, 'tsp');
